{"sections":[{"number":1,"content":"Geographic pay policies, also referred to as localized compensation, are in flux. Of the 62% of organizations with existing geographic pay policies, 44% are considering modifying or have recently modified their policies due to the increase of full-time remote work. This was a main finding in WorldatWork\u2019s \u201CGeographic Pay Policies Study,\u201D which also found that 67% of the 503 full-time United States workers surveyed expect their compensation to reflect their location. Geographic pay is a critical issue for employers that are striving to improve their workforce experience as well as their talent attraction and retention efforts. Expanding (38%) or consolidating (20%) the pay differential application by geographic area were found to be the top two considerations for the 1,063 organizations surveyed in regard to addressing localized compensation. \u201CWork is no longer a place. With remote working requests continuing to emerge and surprise leaders, companies are reevaluating how to create cohesive, consistent, and fair geographic pay policies as employees push to straddle multiple geographies,\u201D said Scott Cawood, CEO of WorldatWork. \u201CWhat used to only be an occasional issue is now a frequent request and savvy employers will need to respond with fair, transparent and attractive geographic pay policies for distributed workforces if they wish to remain competitive.\u201D WorldatWork\u2019s survey revealed that the more locations an organization has, the more likely they are to consider creating a U.S. geographic pay policy. Currently, 41% of organizations apply pay differentials as a premium/discount to either structure or individual pay, and 33% create separate base pay structures for each/different geographic location.","metadata":{"completeSentences":"true"}}],"mimeType":"text/plain"}