{
  "index": "default",
  "document_id": "a-compensation-manager-s-quandary-synchronizing-flexibility-and-fairness_chunk0",
  "execution_id": "1460cf5a7d5b477bb93bb702b166de8c",
  "steps": [
    "extract",
    "partition",
    "gen_embeddings",
    "save_records"
  ],
  "remaining_steps": [
    "save_records"
  ],
  "completed_steps": [
    "extract",
    "partition",
    "gen_embeddings"
  ],
  "tags": {},
  "creation": "2026-01-11T11:11:17.797435+00:00",
  "last_update": "2026-01-11T11:12:36.4813068+00:00",
  "files": [
    {
      "id": "3cb2870760de437b971deca2c9e08a1a",
      "name": "content.txt",
      "size": 1460,
      "mime_type": "text/plain",
      "artifact_type": "Undefined",
      "partition_number": 0,
      "section_number": 0,
      "tags": {},
      "processed_by": [
        "extract"
      ],
      "generated_files": {
        "content.txt.extract.txt": {
          "id": "013098ff03e24222aff388acdb4397c1",
          "name": "content.txt.extract.txt",
          "size": 1454,
          "mime_type": "text/plain",
          "artifact_type": "ExtractedText",
          "partition_number": 0,
          "section_number": 0,
          "tags": {},
          "parent_id": "3cb2870760de437b971deca2c9e08a1a",
          "source_partition_id": "",
          "content_sha256": "",
          "processed_by": [
            "extract",
            "partition"
          ]
        },
        "content.txt.extract.json": {
          "id": "cc97cf9a13e54f0a8847e462e8216eb5",
          "name": "content.txt.extract.json",
          "size": 1454,
          "mime_type": "text/plain",
          "artifact_type": "ExtractedContent",
          "partition_number": 0,
          "section_number": 0,
          "tags": {},
          "parent_id": "3cb2870760de437b971deca2c9e08a1a",
          "source_partition_id": "",
          "content_sha256": "",
          "processed_by": [
            "extract"
          ]
        },
        "content.txt.partition.0.txt": {
          "id": "8f6a851613e8439da34cecf9f1963286",
          "name": "content.txt.partition.0.txt",
          "size": 1454,
          "mime_type": "text/plain",
          "artifact_type": "TextPartition",
          "partition_number": 0,
          "section_number": 0,
          "tags": {},
          "parent_id": "3cb2870760de437b971deca2c9e08a1a",
          "source_partition_id": "",
          "content_sha256": "75091a6dcb97aa81f9b605eb75a329cd2f1a0649763f9f60cc892685a008e5ed",
          "processed_by": [
            "partition",
            "gen_embeddings/_1.Services.GeminiEmbeddingGenerator/__"
          ]
        },
        "content.txt.partition.0.txt._1.Services.GeminiEmbeddingGenerator.__.text_embedding": {
          "id": "0788cc8910634c1795d0eb734f09c74a",
          "name": "content.txt.partition.0.txt._1.Services.GeminiEmbeddingGenerator.__.text_embedding",
          "size": 9699,
          "mime_type": "float[]",
          "artifact_type": "TextEmbeddingVector",
          "partition_number": 0,
          "section_number": 0,
          "tags": {},
          "parent_id": "3cb2870760de437b971deca2c9e08a1a",
          "source_partition_id": "8f6a851613e8439da34cecf9f1963286",
          "content_sha256": "",
          "processed_by": [
            "gen_embeddings"
          ]
        }
      }
    }
  ],
  "args": {},
  "previous_executions_to_purge": [
    {
      "index": "default",
      "document_id": "a-compensation-manager-s-quandary-synchronizing-flexibility-and-fairness_chunk0",
      "execution_id": "806dd8743f334fb5bebf327e7a135c6f",
      "steps": [
        "extract",
        "partition",
        "gen_embeddings",
        "save_records"
      ],
      "remaining_steps": [
        "save_records"
      ],
      "completed_steps": [
        "extract",
        "partition",
        "gen_embeddings"
      ],
      "tags": {},
      "creation": "2026-01-11T11:10:05.4648854+00:00",
      "last_update": "2026-01-11T11:10:32.6603464+00:00",
      "files": [
        {
          "id": "60e68dc9a8ae4a78b69f130c2857abcd",
          "name": "content.txt",
          "size": 1460,
          "mime_type": "text/plain",
          "artifact_type": "Undefined",
          "partition_number": 0,
          "section_number": 0,
          "tags": {},
          "processed_by": [
            "extract"
          ],
          "generated_files": {
            "content.txt.extract.txt": {
              "id": "e4777aefd12545d69fb0c50baf008d56",
              "name": "content.txt.extract.txt",
              "size": 1454,
              "mime_type": "text/plain",
              "artifact_type": "ExtractedText",
              "partition_number": 0,
              "section_number": 0,
              "tags": {},
              "parent_id": "60e68dc9a8ae4a78b69f130c2857abcd",
              "source_partition_id": "",
              "content_sha256": "",
              "processed_by": [
                "extract",
                "partition"
              ]
            },
            "content.txt.extract.json": {
              "id": "11bd303ca4b843d681ad90f886ca822e",
              "name": "content.txt.extract.json",
              "size": 1454,
              "mime_type": "text/plain",
              "artifact_type": "ExtractedContent",
              "partition_number": 0,
              "section_number": 0,
              "tags": {},
              "parent_id": "60e68dc9a8ae4a78b69f130c2857abcd",
              "source_partition_id": "",
              "content_sha256": "",
              "processed_by": [
                "extract"
              ]
            },
            "content.txt.partition.0.txt": {
              "id": "1b224264dcd2437a8f81c2be5fdba407",
              "name": "content.txt.partition.0.txt",
              "size": 1454,
              "mime_type": "text/plain",
              "artifact_type": "TextPartition",
              "partition_number": 0,
              "section_number": 0,
              "tags": {},
              "parent_id": "60e68dc9a8ae4a78b69f130c2857abcd",
              "source_partition_id": "",
              "content_sha256": "75091a6dcb97aa81f9b605eb75a329cd2f1a0649763f9f60cc892685a008e5ed",
              "processed_by": [
                "partition",
                "gen_embeddings/_1.Services.GeminiEmbeddingGenerator/__"
              ]
            },
            "content.txt.partition.0.txt._1.Services.GeminiEmbeddingGenerator.__.text_embedding": {
              "id": "c2ac6af616204c5faa4fb51c27a17903",
              "name": "content.txt.partition.0.txt._1.Services.GeminiEmbeddingGenerator.__.text_embedding",
              "size": 9699,
              "mime_type": "float[]",
              "artifact_type": "TextEmbeddingVector",
              "partition_number": 0,
              "section_number": 0,
              "tags": {},
              "parent_id": "60e68dc9a8ae4a78b69f130c2857abcd",
              "source_partition_id": "1b224264dcd2437a8f81c2be5fdba407",
              "content_sha256": "",
              "processed_by": [
                "gen_embeddings"
              ]
            }
          }
        }
      ],
      "args": {},
      "previous_executions_to_purge": []
    },
    {
      "index": "default",
      "document_id": "a-compensation-manager-s-quandary-synchronizing-flexibility-and-fairness_chunk0",
      "execution_id": "9de5346def5b4f4fa11ff2af5faac5de",
      "steps": [
        "extract",
        "partition",
        "gen_embeddings",
        "save_records"
      ],
      "remaining_steps": [
        "save_records"
      ],
      "completed_steps": [
        "extract",
        "partition",
        "gen_embeddings"
      ],
      "tags": {},
      "creation": "2026-01-11T11:10:35.3603416+00:00",
      "last_update": "2026-01-11T11:10:50.0895483+00:00",
      "files": [
        {
          "id": "b0f66b5222dc4342ae73cdbd6058ad82",
          "name": "content.txt",
          "size": 1460,
          "mime_type": "text/plain",
          "artifact_type": "Undefined",
          "partition_number": 0,
          "section_number": 0,
          "tags": {},
          "processed_by": [
            "extract"
          ],
          "generated_files": {
            "content.txt.extract.txt": {
              "id": "877dde9210764db78b67698600f9e43b",
              "name": "content.txt.extract.txt",
              "size": 1454,
              "mime_type": "text/plain",
              "artifact_type": "ExtractedText",
              "partition_number": 0,
              "section_number": 0,
              "tags": {},
              "parent_id": "b0f66b5222dc4342ae73cdbd6058ad82",
              "source_partition_id": "",
              "content_sha256": "",
              "processed_by": [
                "extract",
                "partition"
              ]
            },
            "content.txt.extract.json": {
              "id": "47a95785041c4f0da3d630a1a593c2e3",
              "name": "content.txt.extract.json",
              "size": 1454,
              "mime_type": "text/plain",
              "artifact_type": "ExtractedContent",
              "partition_number": 0,
              "section_number": 0,
              "tags": {},
              "parent_id": "b0f66b5222dc4342ae73cdbd6058ad82",
              "source_partition_id": "",
              "content_sha256": "",
              "processed_by": [
                "extract"
              ]
            },
            "content.txt.partition.0.txt": {
              "id": "debe6da423eb49a7a938c52530c59684",
              "name": "content.txt.partition.0.txt",
              "size": 1454,
              "mime_type": "text/plain",
              "artifact_type": "TextPartition",
              "partition_number": 0,
              "section_number": 0,
              "tags": {},
              "parent_id": "b0f66b5222dc4342ae73cdbd6058ad82",
              "source_partition_id": "",
              "content_sha256": "75091a6dcb97aa81f9b605eb75a329cd2f1a0649763f9f60cc892685a008e5ed",
              "processed_by": [
                "partition",
                "gen_embeddings/_1.Services.GeminiEmbeddingGenerator/__"
              ]
            },
            "content.txt.partition.0.txt._1.Services.GeminiEmbeddingGenerator.__.text_embedding": {
              "id": "6d6bfb2a34684485829d649a6ccd0d71",
              "name": "content.txt.partition.0.txt._1.Services.GeminiEmbeddingGenerator.__.text_embedding",
              "size": 9698,
              "mime_type": "float[]",
              "artifact_type": "TextEmbeddingVector",
              "partition_number": 0,
              "section_number": 0,
              "tags": {},
              "parent_id": "b0f66b5222dc4342ae73cdbd6058ad82",
              "source_partition_id": "debe6da423eb49a7a938c52530c59684",
              "content_sha256": "",
              "processed_by": [
                "gen_embeddings"
              ]
            }
          }
        }
      ],
      "args": {},
      "previous_executions_to_purge": []
    }
  ]
}