{"sections":[{"number":1,"content":"United Kingdom By Stephen J. Perkins, Chartered Institute of Personnel, and Charles Cotton, Ph.D., Global Policy Institute and London Metropolitan University For more than 15 years, the London-based Chartered Institute of Personnel and Development (CIPD) has been collecting information about employee compensation management practices (\u201Creward management\u201D is the term used generally in the United Kingdom [UK]). CIPD reported on the 16th annual reward management survey at the end of 2019, and is developing the 2020 survey instrument, inevitably influenced by the circumstances of the COVID-19 pandemic, to assemble views on its consequences for employment and compensation management, as the economy emerges from lockdown. Survey findings offer insights into the application of pay structures within compensation management practice in the UK, as a framework within which to organize base pay. The CIPD defines pay structures as a collection of wage grades, levels or bands that link related jobs within a hierarchy or series. In 60% of instances overall, survey respondents said they used pay structures. That still leaves a lot of employers not structuring reward management in this way, although it is an open question as to the methods such employers adopt, at least implicitly, to organize work roles and compensation. Even within the 60% that do report explicit structures, significant variation is reported \u2014 by sector and size of organization.","metadata":{"completeSentences":"true"}}],"mimeType":"text/plain"}