{
  "index": "default",
  "document_id": "remote_work_raises_geographic_pay_policy_questions_chunk0",
  "execution_id": "86f9248fdb0d4745b7525f316d46d240",
  "steps": [
    "extract",
    "partition",
    "gen_embeddings",
    "save_records"
  ],
  "remaining_steps": [
    "save_records"
  ],
  "completed_steps": [
    "extract",
    "partition",
    "gen_embeddings"
  ],
  "tags": {},
  "creation": "2026-01-11T10:37:55.7754294+00:00",
  "last_update": "2026-01-11T10:37:56.1460632+00:00",
  "files": [
    {
      "id": "d0c8e7bf64f8498f9189b505446d344c",
      "name": "content.txt",
      "size": 1744,
      "mime_type": "text/plain",
      "artifact_type": "Undefined",
      "partition_number": 0,
      "section_number": 0,
      "tags": {},
      "processed_by": [
        "extract"
      ],
      "generated_files": {
        "content.txt.extract.txt": {
          "id": "dc3652fe4adf4b46bccc492fc52424d6",
          "name": "content.txt.extract.txt",
          "size": 1728,
          "mime_type": "text/plain",
          "artifact_type": "ExtractedText",
          "partition_number": 0,
          "section_number": 0,
          "tags": {},
          "parent_id": "d0c8e7bf64f8498f9189b505446d344c",
          "source_partition_id": "",
          "content_sha256": "",
          "processed_by": [
            "extract",
            "partition"
          ]
        },
        "content.txt.extract.json": {
          "id": "c9bf38560beb4ee8893e1ecbc6ceacd0",
          "name": "content.txt.extract.json",
          "size": 1728,
          "mime_type": "text/plain",
          "artifact_type": "ExtractedContent",
          "partition_number": 0,
          "section_number": 0,
          "tags": {},
          "parent_id": "d0c8e7bf64f8498f9189b505446d344c",
          "source_partition_id": "",
          "content_sha256": "",
          "processed_by": [
            "extract"
          ]
        },
        "content.txt.partition.0.txt": {
          "id": "6954f2cfe2194f1580d41bea43c1bbd5",
          "name": "content.txt.partition.0.txt",
          "size": 1728,
          "mime_type": "text/plain",
          "artifact_type": "TextPartition",
          "partition_number": 0,
          "section_number": 0,
          "tags": {},
          "parent_id": "d0c8e7bf64f8498f9189b505446d344c",
          "source_partition_id": "",
          "content_sha256": "a2ae7a9f82164dd9bef6ecd945df2bbd409a751bd17777ab12403aa78a91c58d",
          "processed_by": [
            "partition",
            "gen_embeddings/_1.Services.GeminiEmbeddingGenerator/__"
          ]
        },
        "content.txt.partition.0.txt._1.Services.GeminiEmbeddingGenerator.__.text_embedding": {
          "id": "fc7d80c035084874b41ff558aaca1f77",
          "name": "content.txt.partition.0.txt._1.Services.GeminiEmbeddingGenerator.__.text_embedding",
          "size": 9714,
          "mime_type": "float[]",
          "artifact_type": "TextEmbeddingVector",
          "partition_number": 0,
          "section_number": 0,
          "tags": {},
          "parent_id": "d0c8e7bf64f8498f9189b505446d344c",
          "source_partition_id": "6954f2cfe2194f1580d41bea43c1bbd5",
          "content_sha256": "",
          "processed_by": [
            "gen_embeddings"
          ]
        }
      }
    }
  ],
  "args": {},
  "previous_executions_to_purge": []
}