{
  "index": "default",
  "document_id": "a_compensation_manager_s_quandary_synchronizing_flexibility_and_fairness_chunk0",
  "execution_id": "3a28a2c3fe884e5bb6c1b5aa55d55bb0",
  "steps": [
    "extract",
    "partition",
    "gen_embeddings",
    "save_records"
  ],
  "remaining_steps": [
    "save_records"
  ],
  "completed_steps": [
    "extract",
    "partition",
    "gen_embeddings"
  ],
  "tags": {},
  "creation": "2026-01-11T11:01:24.3015749+00:00",
  "last_update": "2026-01-11T11:01:24.7769926+00:00",
  "files": [
    {
      "id": "91e0b1ca56d14a728add051df1ab8f9c",
      "name": "content.txt",
      "size": 1930,
      "mime_type": "text/plain",
      "artifact_type": "Undefined",
      "partition_number": 0,
      "section_number": 0,
      "tags": {},
      "processed_by": [
        "extract"
      ],
      "generated_files": {
        "content.txt.extract.txt": {
          "id": "a14a509ca6934b12a92aacfab8791a42",
          "name": "content.txt.extract.txt",
          "size": 1922,
          "mime_type": "text/plain",
          "artifact_type": "ExtractedText",
          "partition_number": 0,
          "section_number": 0,
          "tags": {},
          "parent_id": "91e0b1ca56d14a728add051df1ab8f9c",
          "source_partition_id": "",
          "content_sha256": "",
          "processed_by": [
            "extract",
            "partition"
          ]
        },
        "content.txt.extract.json": {
          "id": "763c8d69d85c4e999921157fc0da9833",
          "name": "content.txt.extract.json",
          "size": 1922,
          "mime_type": "text/plain",
          "artifact_type": "ExtractedContent",
          "partition_number": 0,
          "section_number": 0,
          "tags": {},
          "parent_id": "91e0b1ca56d14a728add051df1ab8f9c",
          "source_partition_id": "",
          "content_sha256": "",
          "processed_by": [
            "extract"
          ]
        },
        "content.txt.partition.0.txt": {
          "id": "8028d503ab8c491da76d27506c16d825",
          "name": "content.txt.partition.0.txt",
          "size": 1922,
          "mime_type": "text/plain",
          "artifact_type": "TextPartition",
          "partition_number": 0,
          "section_number": 0,
          "tags": {},
          "parent_id": "91e0b1ca56d14a728add051df1ab8f9c",
          "source_partition_id": "",
          "content_sha256": "ac0ad9f11b168031d4cd580347ca9550c4304ea5ce2d726d1b9fac48806021f7",
          "processed_by": [
            "partition",
            "gen_embeddings/_1.Services.GeminiEmbeddingGenerator/__"
          ]
        },
        "content.txt.partition.0.txt._1.Services.GeminiEmbeddingGenerator.__.text_embedding": {
          "id": "c0bf4fb371b44479ac926e6528807ae9",
          "name": "content.txt.partition.0.txt._1.Services.GeminiEmbeddingGenerator.__.text_embedding",
          "size": 9662,
          "mime_type": "float[]",
          "artifact_type": "TextEmbeddingVector",
          "partition_number": 0,
          "section_number": 0,
          "tags": {},
          "parent_id": "91e0b1ca56d14a728add051df1ab8f9c",
          "source_partition_id": "8028d503ab8c491da76d27506c16d825",
          "content_sha256": "",
          "processed_by": [
            "gen_embeddings"
          ]
        }
      }
    }
  ],
  "args": {},
  "previous_executions_to_purge": [
    {
      "index": "default",
      "document_id": "a_compensation_manager_s_quandary_synchronizing_flexibility_and_fairness_chunk0",
      "execution_id": "b64daa390c7740a48d0ae9935a99d378",
      "steps": [
        "extract",
        "partition",
        "gen_embeddings",
        "save_records"
      ],
      "remaining_steps": [
        "save_records"
      ],
      "completed_steps": [
        "extract",
        "partition",
        "gen_embeddings"
      ],
      "tags": {},
      "creation": "2026-01-11T10:30:23.9467954+00:00",
      "last_update": "2026-01-11T10:30:25.5562693+00:00",
      "files": [
        {
          "id": "b5c3e759d4ee4169b3765f7e3b1ad116",
          "name": "content.txt",
          "size": 1460,
          "mime_type": "text/plain",
          "artifact_type": "Undefined",
          "partition_number": 0,
          "section_number": 0,
          "tags": {},
          "processed_by": [
            "extract"
          ],
          "generated_files": {
            "content.txt.extract.txt": {
              "id": "bf2e80c460f6410eb37f572e686d849b",
              "name": "content.txt.extract.txt",
              "size": 1454,
              "mime_type": "text/plain",
              "artifact_type": "ExtractedText",
              "partition_number": 0,
              "section_number": 0,
              "tags": {},
              "parent_id": "b5c3e759d4ee4169b3765f7e3b1ad116",
              "source_partition_id": "",
              "content_sha256": "",
              "processed_by": [
                "extract",
                "partition"
              ]
            },
            "content.txt.extract.json": {
              "id": "6c32abbc1e8f46ccbb58dfdbb42a25fa",
              "name": "content.txt.extract.json",
              "size": 1454,
              "mime_type": "text/plain",
              "artifact_type": "ExtractedContent",
              "partition_number": 0,
              "section_number": 0,
              "tags": {},
              "parent_id": "b5c3e759d4ee4169b3765f7e3b1ad116",
              "source_partition_id": "",
              "content_sha256": "",
              "processed_by": [
                "extract"
              ]
            },
            "content.txt.partition.0.txt": {
              "id": "6272a4a8474b412aaa386f0e6b4f9c24",
              "name": "content.txt.partition.0.txt",
              "size": 1454,
              "mime_type": "text/plain",
              "artifact_type": "TextPartition",
              "partition_number": 0,
              "section_number": 0,
              "tags": {},
              "parent_id": "b5c3e759d4ee4169b3765f7e3b1ad116",
              "source_partition_id": "",
              "content_sha256": "75091a6dcb97aa81f9b605eb75a329cd2f1a0649763f9f60cc892685a008e5ed",
              "processed_by": [
                "partition",
                "gen_embeddings/_1.Services.GeminiEmbeddingGenerator/__"
              ]
            },
            "content.txt.partition.0.txt._1.Services.GeminiEmbeddingGenerator.__.text_embedding": {
              "id": "5015382fea5a41a588076766f7ae1644",
              "name": "content.txt.partition.0.txt._1.Services.GeminiEmbeddingGenerator.__.text_embedding",
              "size": 9699,
              "mime_type": "float[]",
              "artifact_type": "TextEmbeddingVector",
              "partition_number": 0,
              "section_number": 0,
              "tags": {},
              "parent_id": "b5c3e759d4ee4169b3765f7e3b1ad116",
              "source_partition_id": "6272a4a8474b412aaa386f0e6b4f9c24",
              "content_sha256": "",
              "processed_by": [
                "gen_embeddings"
              ]
            }
          }
        }
      ],
      "args": {},
      "previous_executions_to_purge": []
    },
    {
      "index": "default",
      "document_id": "a_compensation_manager_s_quandary_synchronizing_flexibility_and_fairness_chunk0",
      "execution_id": "c144cd04109041809497a7154e7dac3e",
      "steps": [
        "extract",
        "partition",
        "gen_embeddings",
        "save_records"
      ],
      "remaining_steps": [
        "save_records"
      ],
      "completed_steps": [
        "extract",
        "partition",
        "gen_embeddings"
      ],
      "tags": {},
      "creation": "2026-01-11T10:37:37.8484794+00:00",
      "last_update": "2026-01-11T10:37:38.8138149+00:00",
      "files": [
        {
          "id": "79334adc5d594fcdbeea7e00e7e056aa",
          "name": "content.txt",
          "size": 1930,
          "mime_type": "text/plain",
          "artifact_type": "Undefined",
          "partition_number": 0,
          "section_number": 0,
          "tags": {},
          "processed_by": [
            "extract"
          ],
          "generated_files": {
            "content.txt.extract.txt": {
              "id": "583c2f834cc74512a87fb9270adf8680",
              "name": "content.txt.extract.txt",
              "size": 1922,
              "mime_type": "text/plain",
              "artifact_type": "ExtractedText",
              "partition_number": 0,
              "section_number": 0,
              "tags": {},
              "parent_id": "79334adc5d594fcdbeea7e00e7e056aa",
              "source_partition_id": "",
              "content_sha256": "",
              "processed_by": [
                "extract",
                "partition"
              ]
            },
            "content.txt.extract.json": {
              "id": "d3790178f7a14d889713bbc174d68611",
              "name": "content.txt.extract.json",
              "size": 1922,
              "mime_type": "text/plain",
              "artifact_type": "ExtractedContent",
              "partition_number": 0,
              "section_number": 0,
              "tags": {},
              "parent_id": "79334adc5d594fcdbeea7e00e7e056aa",
              "source_partition_id": "",
              "content_sha256": "",
              "processed_by": [
                "extract"
              ]
            },
            "content.txt.partition.0.txt": {
              "id": "b3c57c372a684d5fa1eac2cb39982964",
              "name": "content.txt.partition.0.txt",
              "size": 1922,
              "mime_type": "text/plain",
              "artifact_type": "TextPartition",
              "partition_number": 0,
              "section_number": 0,
              "tags": {},
              "parent_id": "79334adc5d594fcdbeea7e00e7e056aa",
              "source_partition_id": "",
              "content_sha256": "ac0ad9f11b168031d4cd580347ca9550c4304ea5ce2d726d1b9fac48806021f7",
              "processed_by": [
                "partition",
                "gen_embeddings/_1.Services.GeminiEmbeddingGenerator/__"
              ]
            },
            "content.txt.partition.0.txt._1.Services.GeminiEmbeddingGenerator.__.text_embedding": {
              "id": "afd74e1271c341b0a6dac57c7d1e88be",
              "name": "content.txt.partition.0.txt._1.Services.GeminiEmbeddingGenerator.__.text_embedding",
              "size": 9662,
              "mime_type": "float[]",
              "artifact_type": "TextEmbeddingVector",
              "partition_number": 0,
              "section_number": 0,
              "tags": {},
              "parent_id": "79334adc5d594fcdbeea7e00e7e056aa",
              "source_partition_id": "b3c57c372a684d5fa1eac2cb39982964",
              "content_sha256": "",
              "processed_by": [
                "gen_embeddings"
              ]
            }
          }
        }
      ],
      "args": {},
      "previous_executions_to_purge": []
    },
    {
      "index": "default",
      "document_id": "a_compensation_manager_s_quandary_synchronizing_flexibility_and_fairness_chunk0",
      "execution_id": "cb28774dea2a4ab283192804d5b59e5e",
      "steps": [
        "extract",
        "partition",
        "gen_embeddings",
        "save_records"
      ],
      "remaining_steps": [
        "save_records"
      ],
      "completed_steps": [
        "extract",
        "partition",
        "gen_embeddings"
      ],
      "tags": {},
      "creation": "2026-01-11T10:37:41.8702519+00:00",
      "last_update": "2026-01-11T10:37:42.3008281+00:00",
      "files": [
        {
          "id": "6cc3e3af79f14a00aaf6a24193471696",
          "name": "content.txt",
          "size": 1930,
          "mime_type": "text/plain",
          "artifact_type": "Undefined",
          "partition_number": 0,
          "section_number": 0,
          "tags": {},
          "processed_by": [
            "extract"
          ],
          "generated_files": {
            "content.txt.extract.txt": {
              "id": "5af6ed2e726f4bdfa6bbbd56f0b1d118",
              "name": "content.txt.extract.txt",
              "size": 1922,
              "mime_type": "text/plain",
              "artifact_type": "ExtractedText",
              "partition_number": 0,
              "section_number": 0,
              "tags": {},
              "parent_id": "6cc3e3af79f14a00aaf6a24193471696",
              "source_partition_id": "",
              "content_sha256": "",
              "processed_by": [
                "extract",
                "partition"
              ]
            },
            "content.txt.extract.json": {
              "id": "49c3b4e18fbb498ea6a3fec7f900348a",
              "name": "content.txt.extract.json",
              "size": 1922,
              "mime_type": "text/plain",
              "artifact_type": "ExtractedContent",
              "partition_number": 0,
              "section_number": 0,
              "tags": {},
              "parent_id": "6cc3e3af79f14a00aaf6a24193471696",
              "source_partition_id": "",
              "content_sha256": "",
              "processed_by": [
                "extract"
              ]
            },
            "content.txt.partition.0.txt": {
              "id": "924fc01855144aa9b1f01d064aa7fbb3",
              "name": "content.txt.partition.0.txt",
              "size": 1922,
              "mime_type": "text/plain",
              "artifact_type": "TextPartition",
              "partition_number": 0,
              "section_number": 0,
              "tags": {},
              "parent_id": "6cc3e3af79f14a00aaf6a24193471696",
              "source_partition_id": "",
              "content_sha256": "ac0ad9f11b168031d4cd580347ca9550c4304ea5ce2d726d1b9fac48806021f7",
              "processed_by": [
                "partition",
                "gen_embeddings/_1.Services.GeminiEmbeddingGenerator/__"
              ]
            },
            "content.txt.partition.0.txt._1.Services.GeminiEmbeddingGenerator.__.text_embedding": {
              "id": "39aec9d647094b958f2277c7bb2397aa",
              "name": "content.txt.partition.0.txt._1.Services.GeminiEmbeddingGenerator.__.text_embedding",
              "size": 9662,
              "mime_type": "float[]",
              "artifact_type": "TextEmbeddingVector",
              "partition_number": 0,
              "section_number": 0,
              "tags": {},
              "parent_id": "6cc3e3af79f14a00aaf6a24193471696",
              "source_partition_id": "924fc01855144aa9b1f01d064aa7fbb3",
              "content_sha256": "",
              "processed_by": [
                "gen_embeddings"
              ]
            }
          }
        }
      ],
      "args": {},
      "previous_executions_to_purge": []
    },
    {
      "index": "default",
      "document_id": "a_compensation_manager_s_quandary_synchronizing_flexibility_and_fairness_chunk0",
      "execution_id": "a0136bf5cf2841c58af59cc3bb0dbedb",
      "steps": [
        "extract",
        "partition",
        "gen_embeddings",
        "save_records"
      ],
      "remaining_steps": [
        "save_records"
      ],
      "completed_steps": [
        "extract",
        "partition",
        "gen_embeddings"
      ],
      "tags": {},
      "creation": "2026-01-11T10:37:46.6319261+00:00",
      "last_update": "2026-01-11T10:37:47.0036952+00:00",
      "files": [
        {
          "id": "41a3310191f841f4b15f85f783fc0acc",
          "name": "content.txt",
          "size": 1930,
          "mime_type": "text/plain",
          "artifact_type": "Undefined",
          "partition_number": 0,
          "section_number": 0,
          "tags": {},
          "processed_by": [
            "extract"
          ],
          "generated_files": {
            "content.txt.extract.txt": {
              "id": "750bce332f414268a1036e2b2f9415d1",
              "name": "content.txt.extract.txt",
              "size": 1922,
              "mime_type": "text/plain",
              "artifact_type": "ExtractedText",
              "partition_number": 0,
              "section_number": 0,
              "tags": {},
              "parent_id": "41a3310191f841f4b15f85f783fc0acc",
              "source_partition_id": "",
              "content_sha256": "",
              "processed_by": [
                "extract",
                "partition"
              ]
            },
            "content.txt.extract.json": {
              "id": "17d1e124ab8f4c8e9b067d948b99d56f",
              "name": "content.txt.extract.json",
              "size": 1922,
              "mime_type": "text/plain",
              "artifact_type": "ExtractedContent",
              "partition_number": 0,
              "section_number": 0,
              "tags": {},
              "parent_id": "41a3310191f841f4b15f85f783fc0acc",
              "source_partition_id": "",
              "content_sha256": "",
              "processed_by": [
                "extract"
              ]
            },
            "content.txt.partition.0.txt": {
              "id": "50bb90e342624fc7a5f665a73b68d224",
              "name": "content.txt.partition.0.txt",
              "size": 1922,
              "mime_type": "text/plain",
              "artifact_type": "TextPartition",
              "partition_number": 0,
              "section_number": 0,
              "tags": {},
              "parent_id": "41a3310191f841f4b15f85f783fc0acc",
              "source_partition_id": "",
              "content_sha256": "ac0ad9f11b168031d4cd580347ca9550c4304ea5ce2d726d1b9fac48806021f7",
              "processed_by": [
                "partition",
                "gen_embeddings/_1.Services.GeminiEmbeddingGenerator/__"
              ]
            },
            "content.txt.partition.0.txt._1.Services.GeminiEmbeddingGenerator.__.text_embedding": {
              "id": "baeb1bb7f14c4ed49d35cd3f7f1e79ff",
              "name": "content.txt.partition.0.txt._1.Services.GeminiEmbeddingGenerator.__.text_embedding",
              "size": 9662,
              "mime_type": "float[]",
              "artifact_type": "TextEmbeddingVector",
              "partition_number": 0,
              "section_number": 0,
              "tags": {},
              "parent_id": "41a3310191f841f4b15f85f783fc0acc",
              "source_partition_id": "50bb90e342624fc7a5f665a73b68d224",
              "content_sha256": "",
              "processed_by": [
                "gen_embeddings"
              ]
            }
          }
        }
      ],
      "args": {},
      "previous_executions_to_purge": []
    },
    {
      "index": "default",
      "document_id": "a_compensation_manager_s_quandary_synchronizing_flexibility_and_fairness_chunk0",
      "execution_id": "cb1d35ad8dba4de0ad2fc4cf3a7928a3",
      "steps": [
        "extract",
        "partition",
        "gen_embeddings",
        "save_records"
      ],
      "remaining_steps": [
        "save_records"
      ],
      "completed_steps": [
        "extract",
        "partition",
        "gen_embeddings"
      ],
      "tags": {},
      "creation": "2026-01-11T10:54:05.2765105+00:00",
      "last_update": "2026-01-11T10:54:06.2131265+00:00",
      "files": [
        {
          "id": "e13c7cf314ec43ceba5de9845bc70ec2",
          "name": "content.txt",
          "size": 1930,
          "mime_type": "text/plain",
          "artifact_type": "Undefined",
          "partition_number": 0,
          "section_number": 0,
          "tags": {},
          "processed_by": [
            "extract"
          ],
          "generated_files": {
            "content.txt.extract.txt": {
              "id": "f5f49daca657420e957e130181d93f65",
              "name": "content.txt.extract.txt",
              "size": 1922,
              "mime_type": "text/plain",
              "artifact_type": "ExtractedText",
              "partition_number": 0,
              "section_number": 0,
              "tags": {},
              "parent_id": "e13c7cf314ec43ceba5de9845bc70ec2",
              "source_partition_id": "",
              "content_sha256": "",
              "processed_by": [
                "extract",
                "partition"
              ]
            },
            "content.txt.extract.json": {
              "id": "9702749a18e04e8d8b228bad1eed16c0",
              "name": "content.txt.extract.json",
              "size": 1922,
              "mime_type": "text/plain",
              "artifact_type": "ExtractedContent",
              "partition_number": 0,
              "section_number": 0,
              "tags": {},
              "parent_id": "e13c7cf314ec43ceba5de9845bc70ec2",
              "source_partition_id": "",
              "content_sha256": "",
              "processed_by": [
                "extract"
              ]
            },
            "content.txt.partition.0.txt": {
              "id": "1611cff61a444a3aaa9e544d1c7aa70b",
              "name": "content.txt.partition.0.txt",
              "size": 1922,
              "mime_type": "text/plain",
              "artifact_type": "TextPartition",
              "partition_number": 0,
              "section_number": 0,
              "tags": {},
              "parent_id": "e13c7cf314ec43ceba5de9845bc70ec2",
              "source_partition_id": "",
              "content_sha256": "ac0ad9f11b168031d4cd580347ca9550c4304ea5ce2d726d1b9fac48806021f7",
              "processed_by": [
                "partition",
                "gen_embeddings/_1.Services.GeminiEmbeddingGenerator/__"
              ]
            },
            "content.txt.partition.0.txt._1.Services.GeminiEmbeddingGenerator.__.text_embedding": {
              "id": "340500cec39640db919cac18387e854d",
              "name": "content.txt.partition.0.txt._1.Services.GeminiEmbeddingGenerator.__.text_embedding",
              "size": 9661,
              "mime_type": "float[]",
              "artifact_type": "TextEmbeddingVector",
              "partition_number": 0,
              "section_number": 0,
              "tags": {},
              "parent_id": "e13c7cf314ec43ceba5de9845bc70ec2",
              "source_partition_id": "1611cff61a444a3aaa9e544d1c7aa70b",
              "content_sha256": "",
              "processed_by": [
                "gen_embeddings"
              ]
            }
          }
        }
      ],
      "args": {},
      "previous_executions_to_purge": []
    },
    {
      "index": "default",
      "document_id": "a_compensation_manager_s_quandary_synchronizing_flexibility_and_fairness_chunk0",
      "execution_id": "0895973951374a04bf0d2c9bc46f71bc",
      "steps": [
        "extract",
        "partition",
        "gen_embeddings",
        "save_records"
      ],
      "remaining_steps": [
        "save_records"
      ],
      "completed_steps": [
        "extract",
        "partition",
        "gen_embeddings"
      ],
      "tags": {},
      "creation": "2026-01-11T11:00:44.3853615+00:00",
      "last_update": "2026-01-11T11:00:45.2489091+00:00",
      "files": [
        {
          "id": "0c06c1d10c7a43fd829c8e3ed429b67a",
          "name": "content.txt",
          "size": 1930,
          "mime_type": "text/plain",
          "artifact_type": "Undefined",
          "partition_number": 0,
          "section_number": 0,
          "tags": {},
          "processed_by": [
            "extract"
          ],
          "generated_files": {
            "content.txt.extract.txt": {
              "id": "6d4bbf6929f1439db380355b830e557b",
              "name": "content.txt.extract.txt",
              "size": 1922,
              "mime_type": "text/plain",
              "artifact_type": "ExtractedText",
              "partition_number": 0,
              "section_number": 0,
              "tags": {},
              "parent_id": "0c06c1d10c7a43fd829c8e3ed429b67a",
              "source_partition_id": "",
              "content_sha256": "",
              "processed_by": [
                "extract",
                "partition"
              ]
            },
            "content.txt.extract.json": {
              "id": "15c7d5a14ddf42e897a3bb2653e167e7",
              "name": "content.txt.extract.json",
              "size": 1922,
              "mime_type": "text/plain",
              "artifact_type": "ExtractedContent",
              "partition_number": 0,
              "section_number": 0,
              "tags": {},
              "parent_id": "0c06c1d10c7a43fd829c8e3ed429b67a",
              "source_partition_id": "",
              "content_sha256": "",
              "processed_by": [
                "extract"
              ]
            },
            "content.txt.partition.0.txt": {
              "id": "c6566e8ca3eb4edea4a987e254faa39c",
              "name": "content.txt.partition.0.txt",
              "size": 1922,
              "mime_type": "text/plain",
              "artifact_type": "TextPartition",
              "partition_number": 0,
              "section_number": 0,
              "tags": {},
              "parent_id": "0c06c1d10c7a43fd829c8e3ed429b67a",
              "source_partition_id": "",
              "content_sha256": "ac0ad9f11b168031d4cd580347ca9550c4304ea5ce2d726d1b9fac48806021f7",
              "processed_by": [
                "partition",
                "gen_embeddings/_1.Services.GeminiEmbeddingGenerator/__"
              ]
            },
            "content.txt.partition.0.txt._1.Services.GeminiEmbeddingGenerator.__.text_embedding": {
              "id": "3eeb3f1594a24ca7aaadf1645b07c765",
              "name": "content.txt.partition.0.txt._1.Services.GeminiEmbeddingGenerator.__.text_embedding",
              "size": 9662,
              "mime_type": "float[]",
              "artifact_type": "TextEmbeddingVector",
              "partition_number": 0,
              "section_number": 0,
              "tags": {},
              "parent_id": "0c06c1d10c7a43fd829c8e3ed429b67a",
              "source_partition_id": "c6566e8ca3eb4edea4a987e254faa39c",
              "content_sha256": "",
              "processed_by": [
                "gen_embeddings"
              ]
            }
          }
        }
      ],
      "args": {},
      "previous_executions_to_purge": []
    },
    {
      "index": "default",
      "document_id": "a_compensation_manager_s_quandary_synchronizing_flexibility_and_fairness_chunk0",
      "execution_id": "1cc0d8ae4f59492c9170e21b4e0e161b",
      "steps": [
        "extract",
        "partition",
        "gen_embeddings",
        "save_records"
      ],
      "remaining_steps": [
        "save_records"
      ],
      "completed_steps": [
        "extract",
        "partition",
        "gen_embeddings"
      ],
      "tags": {},
      "creation": "2026-01-11T11:01:10.1006239+00:00",
      "last_update": "2026-01-11T11:01:10.4952434+00:00",
      "files": [
        {
          "id": "af35b94a73ef4878b29e24e52861889e",
          "name": "content.txt",
          "size": 1930,
          "mime_type": "text/plain",
          "artifact_type": "Undefined",
          "partition_number": 0,
          "section_number": 0,
          "tags": {},
          "processed_by": [
            "extract"
          ],
          "generated_files": {
            "content.txt.extract.txt": {
              "id": "0106b56e71854a8e9cca17b1f3e73f6a",
              "name": "content.txt.extract.txt",
              "size": 1922,
              "mime_type": "text/plain",
              "artifact_type": "ExtractedText",
              "partition_number": 0,
              "section_number": 0,
              "tags": {},
              "parent_id": "af35b94a73ef4878b29e24e52861889e",
              "source_partition_id": "",
              "content_sha256": "",
              "processed_by": [
                "extract",
                "partition"
              ]
            },
            "content.txt.extract.json": {
              "id": "5158ae32739342db803f0fb164354fe4",
              "name": "content.txt.extract.json",
              "size": 1922,
              "mime_type": "text/plain",
              "artifact_type": "ExtractedContent",
              "partition_number": 0,
              "section_number": 0,
              "tags": {},
              "parent_id": "af35b94a73ef4878b29e24e52861889e",
              "source_partition_id": "",
              "content_sha256": "",
              "processed_by": [
                "extract"
              ]
            },
            "content.txt.partition.0.txt": {
              "id": "0689d20140e14305ab801ade261702e6",
              "name": "content.txt.partition.0.txt",
              "size": 1922,
              "mime_type": "text/plain",
              "artifact_type": "TextPartition",
              "partition_number": 0,
              "section_number": 0,
              "tags": {},
              "parent_id": "af35b94a73ef4878b29e24e52861889e",
              "source_partition_id": "",
              "content_sha256": "ac0ad9f11b168031d4cd580347ca9550c4304ea5ce2d726d1b9fac48806021f7",
              "processed_by": [
                "partition",
                "gen_embeddings/_1.Services.GeminiEmbeddingGenerator/__"
              ]
            },
            "content.txt.partition.0.txt._1.Services.GeminiEmbeddingGenerator.__.text_embedding": {
              "id": "29e578a390534e9298fb68d79597c5a5",
              "name": "content.txt.partition.0.txt._1.Services.GeminiEmbeddingGenerator.__.text_embedding",
              "size": 9662,
              "mime_type": "float[]",
              "artifact_type": "TextEmbeddingVector",
              "partition_number": 0,
              "section_number": 0,
              "tags": {},
              "parent_id": "af35b94a73ef4878b29e24e52861889e",
              "source_partition_id": "0689d20140e14305ab801ade261702e6",
              "content_sha256": "",
              "processed_by": [
                "gen_embeddings"
              ]
            }
          }
        }
      ],
      "args": {},
      "previous_executions_to_purge": []
    }
  ]
}